index,lat,lon,value,dataDate,dataTime,validityDate,validityTime,name,shortname,units
92278,51.826255,-8.196797,7.094963,20130801,0,20130801,100,v-component of wind,v,m s**-1
92278,51.826255,-8.196797,7.760104,20130801,0,20130801,200,v-component of wind,v,m s**-1
92278,51.826255,-8.196797,7.615838,20130801,0,20130801,300,v-component of wind,v,m s**-1
92278,51.826255,-8.196797,7.704582,20130801,300,20130801,400,v-component of wind,v,m s**-1
92278,51.826255,-8.196797,7.900198,20130801,300,20130801,500,v-component of wind,v,m s**-1
92278,51.826255,-8.196797,7.978207,20130801,300,20130801,600,v-component of wind,v,m s**-1
92278,51.826255,-8.196797,8.187562,20130801,600,20130801,700,v-component of wind,v,m s**-1
92278,51.826255,-8.196797,7.953122,20130801,600,20130801,800,v-component of wind,v,m s**-1
92278,51.826255,-8.196797,8.004987,20130801,600,20130801,900,v-component of wind,v,m s**-1
92278,51.826255,-8.196797,8.384960,20130801,900,20130801,1000,v-component of wind,v,m s**-1
92278,51.826255,-8.196797,9.101233,20130801,900,20130801,1100,v-component of wind,v,m s**-1
92278,51.826255,-8.196797,9.717968,20130801,900,20130801,1200,v-component of wind,v,m s**-1
92278,51.826255,-8.196797,9.533769,20130801,1200,20130801,1300,v-component of wind,v,m s**-1
92278,51.826255,-8.196797,9.705493,20130801,1200,20130801,1400,v-component of wind,v,m s**-1
92278,51.826255,-8.196797,9.837162,20130801,1200,20130801,1500,v-component of wind,v,m s**-1
92278,51.826255,-8.196797,10.372127,20130801,1500,20130801,1600,v-component of wind,v,m s**-1
92278,51.826255,-8.196797,9.670782,20130801,1500,20130801,1700,v-component of wind,v,m s**-1
92278,51.826255,-8.196797,10.052700,20130801,1500,20130801,1800,v-component of wind,v,m s**-1
92278,51.826255,-8.196797,9.525950,20130801,1800,20130801,1900,v-component of wind,v,m s**-1
92278,51.826255,-8.196797,8.199602,20130801,1800,20130801,2000,v-component of wind,v,m s**-1
92278,51.826255,-8.196797,8.107285,20130801,1800,20130801,2100,v-component of wind,v,m s**-1
92278,51.826255,-8.196797,7.898213,20130801,2100,20130801,2200,v-component of wind,v,m s**-1
92278,51.826255,-8.196797,8.157300,20130801,2100,20130801,2300,v-component of wind,v,m s**-1
92278,51.826255,-8.196797,6.903008,20130801,2100,20130802,0,v-component of wind,v,m s**-1
92278,51.826255,-8.196797,5.926075,20130802,0,20130802,100,v-component of wind,v,m s**-1
92278,51.826255,-8.196797,5.778229,20130802,0,20130802,200,v-component of wind,v,m s**-1
92278,51.826255,-8.196797,5.368271,20130802,0,20130802,300,v-component of wind,v,m s**-1
92278,51.826255,-8.196797,5.245224,20130802,300,20130802,400,v-component of wind,v,m s**-1
92278,51.826255,-8.196797,4.800659,20130802,300,20130802,500,v-component of wind,v,m s**-1
92278,51.826255,-8.196797,4.013016,20130802,300,20130802,600,v-component of wind,v,m s**-1
92278,51.826255,-8.196797,4.042618,20130802,600,20130802,700,v-component of wind,v,m s**-1
92278,51.826255,-8.196797,4.669662,20130802,600,20130802,800,v-component of wind,v,m s**-1
92278,51.826255,-8.196797,5.189346,20130802,600,20130802,900,v-component of wind,v,m s**-1
92278,51.826255,-8.196797,5.588379,20130802,900,20130802,1000,v-component of wind,v,m s**-1
92278,51.826255,-8.196797,5.989166,20130802,900,20130802,1100,v-component of wind,v,m s**-1
92278,51.826255,-8.196797,6.084518,20130802,900,20130802,1200,v-component of wind,v,m s**-1
92278,51.826255,-8.196797,6.186966,20130802,1200,20130802,1300,v-component of wind,v,m s**-1
92278,51.826255,-8.196797,6.352905,20130802,1200,20130802,1400,v-component of wind,v,m s**-1
92278,51.826255,-8.196797,6.296875,20130802,1200,20130802,1500,v-component of wind,v,m s**-1
92278,51.826255,-8.196797,5.890823,20130802,1500,20130802,1600,v-component of wind,v,m s**-1
92278,51.826255,-8.196797,5.590027,20130802,1500,20130802,1700,v-component of wind,v,m s**-1
92278,51.826255,-8.196797,4.788857,20130802,1500,20130802,1800,v-component of wind,v,m s**-1
92278,51.826255,-8.196797,3.256207,20130802,1800,20130802,1900,v-component of wind,v,m s**-1
92278,51.826255,-8.196797,-0.201881,20130802,1800,20130802,2000,v-component of wind,v,m s**-1
92278,51.826255,-8.196797,0.077712,20130802,1800,20130802,2100,v-component of wind,v,m s**-1
92278,51.826255,-8.196797,0.491019,20130802,2100,20130802,2200,v-component of wind,v,m s**-1
92278,51.826255,-8.196797,0.601775,20130802,2100,20130802,2300,v-component of wind,v,m s**-1
92278,51.826255,-8.196797,0.650172,20130802,2100,20130803,0,v-component of wind,v,m s**-1
92278,51.826255,-8.196797,0.181769,20130803,0,20130803,100,v-component of wind,v,m s**-1
92278,51.826255,-8.196797,0.738675,20130803,0,20130803,200,v-component of wind,v,m s**-1
92278,51.826255,-8.196797,1.140768,20130803,0,20130803,300,v-component of wind,v,m s**-1
92278,51.826255,-8.196797,1.289709,20130803,300,20130803,400,v-component of wind,v,m s**-1
92278,51.826255,-8.196797,0.818367,20130803,300,20130803,500,v-component of wind,v,m s**-1
92278,51.826255,-8.196797,0.765924,20130803,300,20130803,600,v-component of wind,v,m s**-1
92278,51.826255,-8.196797,1.305526,20130803,600,20130803,700,v-component of wind,v,m s**-1
92278,51.826255,-8.196797,1.325232,20130803,600,20130803,800,v-component of wind,v,m s**-1
92278,51.826255,-8.196797,2.136568,20130803,600,20130803,900,v-component of wind,v,m s**-1
92278,51.826255,-8.196797,2.890687,20130803,900,20130803,1000,v-component of wind,v,m s**-1
92278,51.826255,-8.196797,5.697547,20130803,900,20130803,1100,v-component of wind,v,m s**-1
92278,51.826255,-8.196797,5.905749,20130803,900,20130803,1200,v-component of wind,v,m s**-1
92278,51.826255,-8.196797,6.147126,20130803,1200,20130803,1300,v-component of wind,v,m s**-1
92278,51.826255,-8.196797,5.893379,20130803,1200,20130803,1400,v-component of wind,v,m s**-1
92278,51.826255,-8.196797,5.956073,20130803,1200,20130803,1500,v-component of wind,v,m s**-1
92278,51.826255,-8.196797,5.969682,20130803,1500,20130803,1600,v-component of wind,v,m s**-1
92278,51.826255,-8.196797,5.598840,20130803,1500,20130803,1700,v-component of wind,v,m s**-1
92278,51.826255,-8.196797,5.565989,20130803,1500,20130803,1800,v-component of wind,v,m s**-1
92278,51.826255,-8.196797,3.957130,20130803,1800,20130803,1900,v-component of wind,v,m s**-1
92278,51.826255,-8.196797,3.200643,20130803,1800,20130803,2000,v-component of wind,v,m s**-1
92278,51.826255,-8.196797,4.662584,20130803,1800,20130803,2100,v-component of wind,v,m s**-1
92278,51.826255,-8.196797,2.626475,20130803,2100,20130803,2200,v-component of wind,v,m s**-1
92278,51.826255,-8.196797,3.501334,20130803,2100,20130803,2300,v-component of wind,v,m s**-1
92278,51.826255,-8.196797,2.730045,20130803,2100,20130804,0,v-component of wind,v,m s**-1
92278,51.826255,-8.196797,2.668468,20130804,0,20130804,100,v-component of wind,v,m s**-1
92278,51.826255,-8.196797,1.770372,20130804,0,20130804,200,v-component of wind,v,m s**-1
92278,51.826255,-8.196797,4.750609,20130804,0,20130804,300,v-component of wind,v,m s**-1
92278,51.826255,-8.196797,3.635277,20130804,300,20130804,400,v-component of wind,v,m s**-1
92278,51.826255,-8.196797,2.670634,20130804,300,20130804,500,v-component of wind,v,m s**-1
92278,51.826255,-8.196797,3.795677,20130804,300,20130804,600,v-component of wind,v,m s**-1
92278,51.826255,-8.196797,2.320801,20130804,600,20130804,700,v-component of wind,v,m s**-1
92278,51.826255,-8.196797,1.550519,20130804,600,20130804,800,v-component of wind,v,m s**-1
92278,51.826255,-8.196797,1.153064,20130804,600,20130804,900,v-component of wind,v,m s**-1
92278,51.826255,-8.196797,0.939079,20130804,900,20130804,1000,v-component of wind,v,m s**-1
92278,51.826255,-8.196797,0.029712,20130804,900,20130804,1100,v-component of wind,v,m s**-1
92278,51.826255,-8.196797,-0.425666,20130804,900,20130804,1200,v-component of wind,v,m s**-1
92278,51.826255,-8.196797,0.185668,20130804,1200,20130804,1300,v-component of wind,v,m s**-1
92278,51.826255,-8.196797,1.373022,20130804,1200,20130804,1400,v-component of wind,v,m s**-1
92278,51.826255,-8.196797,1.420582,20130804,1200,20130804,1500,v-component of wind,v,m s**-1
92278,51.826255,-8.196797,2.784698,20130804,1500,20130804,1600,v-component of wind,v,m s**-1
92278,51.826255,-8.196797,3.705642,20130804,1500,20130804,1700,v-component of wind,v,m s**-1
92278,51.826255,-8.196797,4.711579,20130804,1500,20130804,1800,v-component of wind,v,m s**-1
92278,51.826255,-8.196797,2.338538,20130804,1800,20130804,1900,v-component of wind,v,m s**-1
92278,51.826255,-8.196797,-5.113098,20130804,1800,20130804,2000,v-component of wind,v,m s**-1
92278,51.826255,-8.196797,-4.830576,20130804,1800,20130804,2100,v-component of wind,v,m s**-1
92278,51.826255,-8.196797,-4.246221,20130804,2100,20130804,2200,v-component of wind,v,m s**-1
92278,51.826255,-8.196797,-4.513811,20130804,2100,20130804,2300,v-component of wind,v,m s**-1
92278,51.826255,-8.196797,-3.969603,20130804,2100,20130805,0,v-component of wind,v,m s**-1
92278,51.826255,-8.196797,-4.822668,20130805,0,20130805,100,v-component of wind,v,m s**-1
92278,51.826255,-8.196797,-5.582607,20130805,0,20130805,200,v-component of wind,v,m s**-1
92278,51.826255,-8.196797,-5.794497,20130805,0,20130805,300,v-component of wind,v,m s**-1
92278,51.826255,-8.196797,-5.724618,20130805,300,20130805,400,v-component of wind,v,m s**-1
92278,51.826255,-8.196797,-6.753131,20130805,300,20130805,500,v-component of wind,v,m s**-1
92278,51.826255,-8.196797,-6.255811,20130805,300,20130805,600,v-component of wind,v,m s**-1
92278,51.826255,-8.196797,-6.116812,20130805,600,20130805,700,v-component of wind,v,m s**-1
92278,51.826255,-8.196797,-6.160842,20130805,600,20130805,800,v-component of wind,v,m s**-1
92278,51.826255,-8.196797,-7.244379,20130805,600,20130805,900,v-component of wind,v,m s**-1
92278,51.826255,-8.196797,-6.583239,20130805,900,20130805,1000,v-component of wind,v,m s**-1
92278,51.826255,-8.196797,-6.254841,20130805,900,20130805,1100,v-component of wind,v,m s**-1
92278,51.826255,-8.196797,-5.761003,20130805,900,20130805,1200,v-component of wind,v,m s**-1
92278,51.826255,-8.196797,-4.689037,20130805,1200,20130805,1300,v-component of wind,v,m s**-1
92278,51.826255,-8.196797,-4.954172,20130805,1200,20130805,1400,v-component of wind,v,m s**-1
92278,51.826255,-8.196797,-5.236320,20130805,1200,20130805,1500,v-component of wind,v,m s**-1
92278,51.826255,-8.196797,-4.903067,20130805,1500,20130805,1600,v-component of wind,v,m s**-1
92278,51.826255,-8.196797,-4.939137,20130805,1500,20130805,1700,v-component of wind,v,m s**-1
92278,51.826255,-8.196797,-4.760534,20130805,1500,20130805,1800,v-component of wind,v,m s**-1
92278,51.826255,-8.196797,-4.189531,20130805,1800,20130805,1900,v-component of wind,v,m s**-1
92278,51.826255,-8.196797,-3.489698,20130805,1800,20130805,2000,v-component of wind,v,m s**-1
92278,51.826255,-8.196797,-2.683572,20130805,1800,20130805,2100,v-component of wind,v,m s**-1
92278,51.826255,-8.196797,-1.318064,20130805,2100,20130805,2200,v-component of wind,v,m s**-1
92278,51.826255,-8.196797,-0.641707,20130805,2100,20130805,2300,v-component of wind,v,m s**-1
92278,51.826255,-8.196797,-1.123330,20130805,2100,20130806,0,v-component of wind,v,m s**-1
92278,51.826255,-8.196797,-0.919447,20130806,0,20130806,100,v-component of wind,v,m s**-1
92278,51.826255,-8.196797,-1.017975,20130806,0,20130806,200,v-component of wind,v,m s**-1
92278,51.826255,-8.196797,-0.373418,20130806,0,20130806,300,v-component of wind,v,m s**-1
92278,51.826255,-8.196797,-0.528340,20130806,300,20130806,400,v-component of wind,v,m s**-1
92278,51.826255,-8.196797,0.062250,20130806,300,20130806,500,v-component of wind,v,m s**-1
92278,51.826255,-8.196797,-0.816648,20130806,300,20130806,600,v-component of wind,v,m s**-1
92278,51.826255,-8.196797,-0.685631,20130806,600,20130806,700,v-component of wind,v,m s**-1
92278,51.826255,-8.196797,0.245131,20130806,600,20130806,800,v-component of wind,v,m s**-1
92278,51.826255,-8.196797,2.263814,20130806,600,20130806,900,v-component of wind,v,m s**-1
92278,51.826255,-8.196797,3.461275,20130806,900,20130806,1000,v-component of wind,v,m s**-1
92278,51.826255,-8.196797,4.429864,20130806,900,20130806,1100,v-component of wind,v,m s**-1
92278,51.826255,-8.196797,4.584357,20130806,900,20130806,1200,v-component of wind,v,m s**-1
92278,51.826255,-8.196797,3.667834,20130806,1200,20130806,1300,v-component of wind,v,m s**-1
92278,51.826255,-8.196797,4.160909,20130806,1200,20130806,1400,v-component of wind,v,m s**-1
92278,51.826255,-8.196797,4.989578,20130806,1200,20130806,1500,v-component of wind,v,m s**-1
92278,51.826255,-8.196797,5.548721,20130806,1500,20130806,1600,v-component of wind,v,m s**-1
92278,51.826255,-8.196797,4.732819,20130806,1500,20130806,1700,v-component of wind,v,m s**-1
92278,51.826255,-8.196797,5.065491,20130806,1500,20130806,1800,v-component of wind,v,m s**-1
92278,51.826255,-8.196797,5.429581,20130806,1800,20130806,1900,v-component of wind,v,m s**-1
92278,51.826255,-8.196797,4.831039,20130806,1800,20130806,2000,v-component of wind,v,m s**-1
92278,51.826255,-8.196797,4.166672,20130806,1800,20130806,2100,v-component of wind,v,m s**-1
92278,51.826255,-8.196797,3.990585,20130806,2100,20130806,2200,v-component of wind,v,m s**-1
92278,51.826255,-8.196797,3.755295,20130806,2100,20130806,2300,v-component of wind,v,m s**-1
92278,51.826255,-8.196797,3.663406,20130806,2100,20130807,0,v-component of wind,v,m s**-1
92278,51.826255,-8.196797,3.484222,20130807,0,20130807,100,v-component of wind,v,m s**-1
92278,51.826255,-8.196797,3.230072,20130807,0,20130807,200,v-component of wind,v,m s**-1
92278,51.826255,-8.196797,2.897690,20130807,0,20130807,300,v-component of wind,v,m s**-1
92278,51.826255,-8.196797,2.454681,20130807,300,20130807,400,v-component of wind,v,m s**-1
92278,51.826255,-8.196797,2.500894,20130807,300,20130807,500,v-component of wind,v,m s**-1
92278,51.826255,-8.196797,2.422948,20130807,300,20130807,600,v-component of wind,v,m s**-1
92278,51.826255,-8.196797,1.753228,20130807,600,20130807,700,v-component of wind,v,m s**-1
92278,51.826255,-8.196797,1.834332,20130807,600,20130807,800,v-component of wind,v,m s**-1
92278,51.826255,-8.196797,1.822747,20130807,600,20130807,900,v-component of wind,v,m s**-1
92278,51.826255,-8.196797,2.140490,20130807,900,20130807,1000,v-component of wind,v,m s**-1
92278,51.826255,-8.196797,3.422020,20130807,900,20130807,1100,v-component of wind,v,m s**-1
92278,51.826255,-8.196797,3.493541,20130807,900,20130807,1200,v-component of wind,v,m s**-1
92278,51.826255,-8.196797,3.364078,20130807,1200,20130807,1300,v-component of wind,v,m s**-1
92278,51.826255,-8.196797,2.588195,20130807,1200,20130807,1400,v-component of wind,v,m s**-1
92278,51.826255,-8.196797,2.857409,20130807,1200,20130807,1500,v-component of wind,v,m s**-1
92278,51.826255,-8.196797,3.320993,20130807,1500,20130807,1600,v-component of wind,v,m s**-1
92278,51.826255,-8.196797,2.979388,20130807,1500,20130807,1700,v-component of wind,v,m s**-1
92278,51.826255,-8.196797,2.869696,20130807,1500,20130807,1800,v-component of wind,v,m s**-1
92278,51.826255,-8.196797,2.409056,20130807,1800,20130807,1900,v-component of wind,v,m s**-1
92278,51.826255,-8.196797,1.908399,20130807,1800,20130807,2000,v-component of wind,v,m s**-1
92278,51.826255,-8.196797,1.322671,20130807,1800,20130807,2100,v-component of wind,v,m s**-1
92278,51.826255,-8.196797,0.533648,20130807,2100,20130807,2200,v-component of wind,v,m s**-1
92278,51.826255,-8.196797,-0.665689,20130807,2100,20130807,2300,v-component of wind,v,m s**-1
92278,51.826255,-8.196797,-0.269009,20130807,2100,20130808,0,v-component of wind,v,m s**-1
92278,51.826255,-8.196797,-0.110637,20130808,0,20130808,100,v-component of wind,v,m s**-1
92278,51.826255,-8.196797,-0.059271,20130808,0,20130808,200,v-component of wind,v,m s**-1
92278,51.826255,-8.196797,-0.410054,20130808,0,20130808,300,v-component of wind,v,m s**-1
92278,51.826255,-8.196797,-0.364060,20130808,300,20130808,400,v-component of wind,v,m s**-1
92278,51.826255,-8.196797,0.265974,20130808,300,20130808,500,v-component of wind,v,m s**-1
92278,51.826255,-8.196797,1.612207,20130808,300,20130808,600,v-component of wind,v,m s**-1
92278,51.826255,-8.196797,3.962459,20130808,600,20130808,700,v-component of wind,v,m s**-1
92278,51.826255,-8.196797,5.078543,20130808,600,20130808,800,v-component of wind,v,m s**-1
92278,51.826255,-8.196797,5.361390,20130808,600,20130808,900,v-component of wind,v,m s**-1
92278,51.826255,-8.196797,5.607691,20130808,900,20130808,1000,v-component of wind,v,m s**-1
92278,51.826255,-8.196797,5.856796,20130808,900,20130808,1100,v-component of wind,v,m s**-1
92278,51.826255,-8.196797,6.209762,20130808,900,20130808,1200,v-component of wind,v,m s**-1
92278,51.826255,-8.196797,6.448579,20130808,1200,20130808,1300,v-component of wind,v,m s**-1
92278,51.826255,-8.196797,3.942512,20130808,1200,20130808,1400,v-component of wind,v,m s**-1
92278,51.826255,-8.196797,4.974148,20130808,1200,20130808,1500,v-component of wind,v,m s**-1
92278,51.826255,-8.196797,4.344237,20130808,1500,20130808,1600,v-component of wind,v,m s**-1
92278,51.826255,-8.196797,4.074464,20130808,1500,20130808,1700,v-component of wind,v,m s**-1
92278,51.826255,-8.196797,1.152236,20130808,1500,20130808,1800,v-component of wind,v,m s**-1
92278,51.826255,-8.196797,-0.665167,20130808,1800,20130808,1900,v-component of wind,v,m s**-1
92278,51.826255,-8.196797,-1.609484,20130808,1800,20130808,2000,v-component of wind,v,m s**-1
92278,51.826255,-8.196797,-2.601642,20130808,1800,20130808,2100,v-component of wind,v,m s**-1
92278,51.826255,-8.196797,-2.632107,20130808,2100,20130808,2200,v-component of wind,v,m s**-1
92278,51.826255,-8.196797,-2.271340,20130808,2100,20130808,2300,v-component of wind,v,m s**-1
92278,51.826255,-8.196797,-1.218045,20130808,2100,20130809,0,v-component of wind,v,m s**-1
92278,51.826255,-8.196797,-2.195580,20130809,0,20130809,100,v-component of wind,v,m s**-1
92278,51.826255,-8.196797,-1.360927,20130809,0,20130809,200,v-component of wind,v,m s**-1
92278,51.826255,-8.196797,-1.620649,20130809,0,20130809,300,v-component of wind,v,m s**-1
92278,51.826255,-8.196797,-0.319436,20130809,300,20130809,400,v-component of wind,v,m s**-1
92278,51.826255,-8.196797,-2.270266,20130809,300,20130809,500,v-component of wind,v,m s**-1
92278,51.826255,-8.196797,-1.785537,20130809,300,20130809,600,v-component of wind,v,m s**-1
92278,51.826255,-8.196797,-0.525200,20130809,600,20130809,700,v-component of wind,v,m s**-1
92278,51.826255,-8.196797,-1.552383,20130809,600,20130809,800,v-component of wind,v,m s**-1
92278,51.826255,-8.196797,-2.239268,20130809,600,20130809,900,v-component of wind,v,m s**-1
92278,51.826255,-8.196797,-3.506674,20130809,900,20130809,1000,v-component of wind,v,m s**-1
92278,51.826255,-8.196797,-2.977933,20130809,900,20130809,1100,v-component of wind,v,m s**-1
92278,51.826255,-8.196797,-4.253395,20130809,900,20130809,1200,v-component of wind,v,m s**-1
92278,51.826255,-8.196797,-4.717467,20130809,1200,20130809,1300,v-component of wind,v,m s**-1
92278,51.826255,-8.196797,-4.686621,20130809,1200,20130809,1400,v-component of wind,v,m s**-1
92278,51.826255,-8.196797,-4.450483,20130809,1200,20130809,1500,v-component of wind,v,m s**-1
92278,51.826255,-8.196797,-4.187959,20130809,1500,20130809,1600,v-component of wind,v,m s**-1
92278,51.826255,-8.196797,-4.727177,20130809,1500,20130809,1700,v-component of wind,v,m s**-1
92278,51.826255,-8.196797,-4.793652,20130809,1500,20130809,1800,v-component of wind,v,m s**-1
92278,51.826255,-8.196797,-4.762745,20130809,1800,20130809,1900,v-component of wind,v,m s**-1
92278,51.826255,-8.196797,-3.347799,20130809,1800,20130809,2000,v-component of wind,v,m s**-1
92278,51.826255,-8.196797,-2.376657,20130809,1800,20130809,2100,v-component of wind,v,m s**-1
92278,51.826255,-8.196797,-1.032581,20130809,2100,20130809,2200,v-component of wind,v,m s**-1
92278,51.826255,-8.196797,-0.446035,20130809,2100,20130809,2300,v-component of wind,v,m s**-1
92278,51.826255,-8.196797,-0.327285,20130809,2100,20130810,0,v-component of wind,v,m s**-1
92278,51.826255,-8.196797,-0.709150,20130810,0,20130810,100,v-component of wind,v,m s**-1
92278,51.826255,-8.196797,-0.247824,20130810,0,20130810,200,v-component of wind,v,m s**-1
92278,51.826255,-8.196797,0.449664,20130810,0,20130810,300,v-component of wind,v,m s**-1
92278,51.826255,-8.196797,0.066163,20130810,300,20130810,400,v-component of wind,v,m s**-1
92278,51.826255,-8.196797,-0.585250,20130810,300,20130810,500,v-component of wind,v,m s**-1
92278,51.826255,-8.196797,0.303965,20130810,300,20130810,600,v-component of wind,v,m s**-1
92278,51.826255,-8.196797,1.075300,20130810,600,20130810,700,v-component of wind,v,m s**-1
92278,51.826255,-8.196797,1.486590,20130810,600,20130810,800,v-component of wind,v,m s**-1
92278,51.826255,-8.196797,2.495190,20130810,600,20130810,900,v-component of wind,v,m s**-1
92278,51.826255,-8.196797,2.508181,20130810,900,20130810,1000,v-component of wind,v,m s**-1
92278,51.826255,-8.196797,3.300764,20130810,900,20130810,1100,v-component of wind,v,m s**-1
92278,51.826255,-8.196797,2.725010,20130810,900,20130810,1200,v-component of wind,v,m s**-1
92278,51.826255,-8.196797,1.661126,20130810,1200,20130810,1300,v-component of wind,v,m s**-1
92278,51.826255,-8.196797,1.367183,20130810,1200,20130810,1400,v-component of wind,v,m s**-1
92278,51.826255,-8.196797,-2.583965,20130810,1200,20130810,1500,v-component of wind,v,m s**-1
92278,51.826255,-8.196797,-1.320470,20130810,1500,20130810,1600,v-component of wind,v,m s**-1
92278,51.826255,-8.196797,4.148223,20130810,1500,20130810,1700,v-component of wind,v,m s**-1
92278,51.826255,-8.196797,-3.761707,20130810,1500,20130810,1800,v-component of wind,v,m s**-1
92278,51.826255,-8.196797,-5.062869,20130810,1800,20130810,1900,v-component of wind,v,m s**-1
92278,51.826255,-8.196797,-3.732487,20130810,1800,20130810,2000,v-component of wind,v,m s**-1
92278,51.826255,-8.196797,-2.927014,20130810,1800,20130810,2100,v-component of wind,v,m s**-1
92278,51.826255,-8.196797,-2.148454,20130810,2100,20130810,2200,v-component of wind,v,m s**-1
92278,51.826255,-8.196797,-1.162018,20130810,2100,20130810,2300,v-component of wind,v,m s**-1
92278,51.826255,-8.196797,0.307138,20130810,2100,20130811,0,v-component of wind,v,m s**-1
92278,51.826255,-8.196797,0.026509,20130811,0,20130811,100,v-component of wind,v,m s**-1
92278,51.826255,-8.196797,-0.810184,20130811,0,20130811,200,v-component of wind,v,m s**-1
92278,51.826255,-8.196797,-0.590750,20130811,0,20130811,300,v-component of wind,v,m s**-1
92278,51.826255,-8.196797,-0.672598,20130811,300,20130811,400,v-component of wind,v,m s**-1
92278,51.826255,-8.196797,-1.132927,20130811,300,20130811,500,v-component of wind,v,m s**-1
92278,51.826255,-8.196797,-0.562176,20130811,300,20130811,600,v-component of wind,v,m s**-1
92278,51.826255,-8.196797,-0.946249,20130811,600,20130811,700,v-component of wind,v,m s**-1
92278,51.826255,-8.196797,-0.691986,20130811,600,20130811,800,v-component of wind,v,m s**-1
92278,51.826255,-8.196797,-0.807844,20130811,600,20130811,900,v-component of wind,v,m s**-1
92278,51.826255,-8.196797,-2.113014,20130811,900,20130811,1000,v-component of wind,v,m s**-1
92278,51.826255,-8.196797,-2.313226,20130811,900,20130811,1100,v-component of wind,v,m s**-1
92278,51.826255,-8.196797,-2.338427,20130811,900,20130811,1200,v-component of wind,v,m s**-1
92278,51.826255,-8.196797,-4.407573,20130811,1200,20130811,1300,v-component of wind,v,m s**-1
92278,51.826255,-8.196797,-3.127304,20130811,1200,20130811,1400,v-component of wind,v,m s**-1
92278,51.826255,-8.196797,-4.147146,20130811,1200,20130811,1500,v-component of wind,v,m s**-1
92278,51.826255,-8.196797,-4.144753,20130811,1500,20130811,1600,v-component of wind,v,m s**-1
92278,51.826255,-8.196797,-4.728079,20130811,1500,20130811,1700,v-component of wind,v,m s**-1
92278,51.826255,-8.196797,-5.300779,20130811,1500,20130811,1800,v-component of wind,v,m s**-1
92278,51.826255,-8.196797,-4.780049,20130811,1800,20130811,1900,v-component of wind,v,m s**-1
92278,51.826255,-8.196797,-3.604323,20130811,1800,20130811,2000,v-component of wind,v,m s**-1
92278,51.826255,-8.196797,-3.257140,20130811,1800,20130811,2100,v-component of wind,v,m s**-1
92278,51.826255,-8.196797,-3.033464,20130811,2100,20130811,2200,v-component of wind,v,m s**-1
92278,51.826255,-8.196797,-2.241688,20130811,2100,20130811,2300,v-component of wind,v,m s**-1
92278,51.826255,-8.196797,-1.978127,20130811,2100,20130812,0,v-component of wind,v,m s**-1
92278,51.826255,-8.196797,-1.578418,20130812,0,20130812,100,v-component of wind,v,m s**-1
92278,51.826255,-8.196797,-2.221238,20130812,0,20130812,200,v-component of wind,v,m s**-1
92278,51.826255,-8.196797,-0.515905,20130812,0,20130812,300,v-component of wind,v,m s**-1
92278,51.826255,-8.196797,-0.564357,20130812,300,20130812,400,v-component of wind,v,m s**-1
92278,51.826255,-8.196797,-0.897269,20130812,300,20130812,500,v-component of wind,v,m s**-1
92278,51.826255,-8.196797,-0.639121,20130812,300,20130812,600,v-component of wind,v,m s**-1
92278,51.826255,-8.196797,-0.871582,20130812,600,20130812,700,v-component of wind,v,m s**-1
92278,51.826255,-8.196797,-1.981486,20130812,600,20130812,800,v-component of wind,v,m s**-1
92278,51.826255,-8.196797,-3.158992,20130812,600,20130812,900,v-component of wind,v,m s**-1
92278,51.826255,-8.196797,-3.837532,20130812,900,20130812,1000,v-component of wind,v,m s**-1
92278,51.826255,-8.196797,-3.987837,20130812,900,20130812,1100,v-component of wind,v,m s**-1
92278,51.826255,-8.196797,-4.362601,20130812,900,20130812,1200,v-component of wind,v,m s**-1
92278,51.826255,-8.196797,-4.633252,20130812,1200,20130812,1300,v-component of wind,v,m s**-1
92278,51.826255,-8.196797,-4.487472,20130812,1200,20130812,1400,v-component of wind,v,m s**-1
92278,51.826255,-8.196797,-4.811687,20130812,1200,20130812,1500,v-component of wind,v,m s**-1
92278,51.826255,-8.196797,-4.714145,20130812,1500,20130812,1600,v-component of wind,v,m s**-1
92278,51.826255,-8.196797,-4.870506,20130812,1500,20130812,1700,v-component of wind,v,m s**-1
92278,51.826255,-8.196797,-4.808245,20130812,1500,20130812,1800,v-component of wind,v,m s**-1
92278,51.826255,-8.196797,-4.592946,20130812,1800,20130812,1900,v-component of wind,v,m s**-1
92278,51.826255,-8.196797,-4.072964,20130812,1800,20130812,2000,v-component of wind,v,m s**-1
92278,51.826255,-8.196797,-3.508748,20130812,1800,20130812,2100,v-component of wind,v,m s**-1
92278,51.826255,-8.196797,-2.835214,20130812,2100,20130812,2200,v-component of wind,v,m s**-1
92278,51.826255,-8.196797,-1.581072,20130812,2100,20130812,2300,v-component of wind,v,m s**-1
92278,51.826255,-8.196797,-1.165635,20130812,2100,20130813,0,v-component of wind,v,m s**-1
92278,51.826255,-8.196797,-1.286743,20130813,0,20130813,100,v-component of wind,v,m s**-1
92278,51.826255,-8.196797,-0.798875,20130813,0,20130813,200,v-component of wind,v,m s**-1
92278,51.826255,-8.196797,-0.158939,20130813,0,20130813,300,v-component of wind,v,m s**-1
92278,51.826255,-8.196797,-0.159938,20130813,300,20130813,400,v-component of wind,v,m s**-1
92278,51.826255,-8.196797,-0.919767,20130813,300,20130813,500,v-component of wind,v,m s**-1
92278,51.826255,-8.196797,-0.568002,20130813,300,20130813,600,v-component of wind,v,m s**-1
92278,51.826255,-8.196797,-0.975333,20130813,600,20130813,700,v-component of wind,v,m s**-1
92278,51.826255,-8.196797,-0.558138,20130813,600,20130813,800,v-component of wind,v,m s**-1
92278,51.826255,-8.196797,-0.819414,20130813,600,20130813,900,v-component of wind,v,m s**-1
92278,51.826255,-8.196797,-0.648084,20130813,900,20130813,1000,v-component of wind,v,m s**-1
92278,51.826255,-8.196797,0.265440,20130813,900,20130813,1100,v-component of wind,v,m s**-1
92278,51.826255,-8.196797,4.774975,20130813,900,20130813,1200,v-component of wind,v,m s**-1
92278,51.826255,-8.196797,4.826238,20130813,1200,20130813,1300,v-component of wind,v,m s**-1
92278,51.826255,-8.196797,5.224570,20130813,1200,20130813,1400,v-component of wind,v,m s**-1
92278,51.826255,-8.196797,5.031593,20130813,1200,20130813,1500,v-component of wind,v,m s**-1
92278,51.826255,-8.196797,4.712065,20130813,1500,20130813,1600,v-component of wind,v,m s**-1
92278,51.826255,-8.196797,4.752103,20130813,1500,20130813,1700,v-component of wind,v,m s**-1
92278,51.826255,-8.196797,4.191423,20130813,1500,20130813,1800,v-component of wind,v,m s**-1
92278,51.826255,-8.196797,3.718360,20130813,1800,20130813,1900,v-component of wind,v,m s**-1
92278,51.826255,-8.196797,3.184629,20130813,1800,20130813,2000,v-component of wind,v,m s**-1
92278,51.826255,-8.196797,3.360357,20130813,1800,20130813,2100,v-component of wind,v,m s**-1
92278,51.826255,-8.196797,4.144658,20130813,2100,20130813,2200,v-component of wind,v,m s**-1
92278,51.826255,-8.196797,4.337474,20130813,2100,20130813,2300,v-component of wind,v,m s**-1
92278,51.826255,-8.196797,3.685669,20130813,2100,20130814,0,v-component of wind,v,m s**-1
92278,51.826255,-8.196797,2.277244,20130814,0,20130814,100,v-component of wind,v,m s**-1
92278,51.826255,-8.196797,1.469945,20130814,0,20130814,200,v-component of wind,v,m s**-1
92278,51.826255,-8.196797,1.593323,20130814,0,20130814,300,v-component of wind,v,m s**-1
92278,51.826255,-8.196797,1.473204,20130814,300,20130814,400,v-component of wind,v,m s**-1
92278,51.826255,-8.196797,1.552872,20130814,300,20130814,500,v-component of wind,v,m s**-1
92278,51.826255,-8.196797,2.054655,20130814,300,20130814,600,v-component of wind,v,m s**-1
92278,51.826255,-8.196797,1.346010,20130814,600,20130814,700,v-component of wind,v,m s**-1
92278,51.826255,-8.196797,1.984700,20130814,600,20130814,800,v-component of wind,v,m s**-1
92278,51.826255,-8.196797,1.485162,20130814,600,20130814,900,v-component of wind,v,m s**-1
92278,51.826255,-8.196797,1.960676,20130814,900,20130814,1000,v-component of wind,v,m s**-1
92278,51.826255,-8.196797,0.181898,20130814,900,20130814,1100,v-component of wind,v,m s**-1
92278,51.826255,-8.196797,0.842364,20130814,900,20130814,1200,v-component of wind,v,m s**-1
92278,51.826255,-8.196797,3.330205,20130814,1200,20130814,1300,v-component of wind,v,m s**-1
92278,51.826255,-8.196797,3.017293,20130814,1200,20130814,1400,v-component of wind,v,m s**-1
92278,51.826255,-8.196797,3.436806,20130814,1200,20130814,1500,v-component of wind,v,m s**-1
92278,51.826255,-8.196797,2.907630,20130814,1500,20130814,1600,v-component of wind,v,m s**-1
92278,51.826255,-8.196797,3.618044,20130814,1500,20130814,1700,v-component of wind,v,m s**-1
92278,51.826255,-8.196797,2.829874,20130814,1500,20130814,1800,v-component of wind,v,m s**-1
92278,51.826255,-8.196797,2.419942,20130814,1800,20130814,1900,v-component of wind,v,m s**-1
92278,51.826255,-8.196797,2.458472,20130814,1800,20130814,2000,v-component of wind,v,m s**-1
92278,51.826255,-8.196797,2.217010,20130814,1800,20130814,2100,v-component of wind,v,m s**-1
92278,51.826255,-8.196797,2.273416,20130814,2100,20130814,2200,v-component of wind,v,m s**-1
92278,51.826255,-8.196797,3.103209,20130814,2100,20130814,2300,v-component of wind,v,m s**-1
92278,51.826255,-8.196797,2.274972,20130814,2100,20130815,0,v-component of wind,v,m s**-1
92278,51.826255,-8.196797,1.267121,20130815,0,20130815,100,v-component of wind,v,m s**-1
92278,51.826255,-8.196797,2.257874,20130815,0,20130815,200,v-component of wind,v,m s**-1
92278,51.826255,-8.196797,2.071257,20130815,0,20130815,300,v-component of wind,v,m s**-1
92278,51.826255,-8.196797,2.825469,20130815,300,20130815,400,v-component of wind,v,m s**-1
92278,51.826255,-8.196797,2.584953,20130815,300,20130815,500,v-component of wind,v,m s**-1
92278,51.826255,-8.196797,3.183289,20130815,300,20130815,600,v-component of wind,v,m s**-1
92278,51.826255,-8.196797,3.296722,20130815,600,20130815,700,v-component of wind,v,m s**-1
92278,51.826255,-8.196797,3.375861,20130815,600,20130815,800,v-component of wind,v,m s**-1
92278,51.826255,-8.196797,3.929868,20130815,600,20130815,900,v-component of wind,v,m s**-1
92278,51.826255,-8.196797,4.260854,20130815,900,20130815,1000,v-component of wind,v,m s**-1
92278,51.826255,-8.196797,4.173394,20130815,900,20130815,1100,v-component of wind,v,m s**-1
92278,51.826255,-8.196797,5.623030,20130815,900,20130815,1200,v-component of wind,v,m s**-1
92278,51.826255,-8.196797,5.792479,20130815,1200,20130815,1300,v-component of wind,v,m s**-1
92278,51.826255,-8.196797,6.736185,20130815,1200,20130815,1400,v-component of wind,v,m s**-1
92278,51.826255,-8.196797,7.553719,20130815,1200,20130815,1500,v-component of wind,v,m s**-1
92278,51.826255,-8.196797,6.863503,20130815,1500,20130815,1600,v-component of wind,v,m s**-1
92278,51.826255,-8.196797,5.671692,20130815,1500,20130815,1700,v-component of wind,v,m s**-1
92278,51.826255,-8.196797,3.055636,20130815,1500,20130815,1800,v-component of wind,v,m s**-1
92278,51.826255,-8.196797,1.864451,20130815,1800,20130815,1900,v-component of wind,v,m s**-1
92278,51.826255,-8.196797,0.169651,20130815,1800,20130815,2000,v-component of wind,v,m s**-1
92278,51.826255,-8.196797,-4.400907,20130815,1800,20130815,2100,v-component of wind,v,m s**-1
92278,51.826255,-8.196797,-3.592899,20130815,2100,20130815,2200,v-component of wind,v,m s**-1
92278,51.826255,-8.196797,-3.748344,20130815,2100,20130815,2300,v-component of wind,v,m s**-1
92278,51.826255,-8.196797,-4.205691,20130815,2100,20130816,0,v-component of wind,v,m s**-1
92278,51.826255,-8.196797,-3.313545,20130816,0,20130816,100,v-component of wind,v,m s**-1
92278,51.826255,-8.196797,-3.176306,20130816,0,20130816,200,v-component of wind,v,m s**-1
92278,51.826255,-8.196797,-2.126611,20130816,0,20130816,300,v-component of wind,v,m s**-1
92278,51.826255,-8.196797,-3.737199,20130816,300,20130816,400,v-component of wind,v,m s**-1
92278,51.826255,-8.196797,-1.445679,20130816,300,20130816,500,v-component of wind,v,m s**-1
92278,51.826255,-8.196797,-3.333342,20130816,300,20130816,600,v-component of wind,v,m s**-1
92278,51.826255,-8.196797,0.726774,20130816,600,20130816,700,v-component of wind,v,m s**-1
92278,51.826255,-8.196797,0.865629,20130816,600,20130816,800,v-component of wind,v,m s**-1
92278,51.826255,-8.196797,0.366660,20130816,600,20130816,900,v-component of wind,v,m s**-1
92278,51.826255,-8.196797,1.306620,20130816,900,20130816,1000,v-component of wind,v,m s**-1
92278,51.826255,-8.196797,1.877143,20130816,900,20130816,1100,v-component of wind,v,m s**-1
92278,51.826255,-8.196797,3.843410,20130816,900,20130816,1200,v-component of wind,v,m s**-1
92278,51.826255,-8.196797,4.905894,20130816,1200,20130816,1300,v-component of wind,v,m s**-1
92278,51.826255,-8.196797,4.019604,20130816,1200,20130816,1400,v-component of wind,v,m s**-1
92278,51.826255,-8.196797,3.641207,20130816,1200,20130816,1500,v-component of wind,v,m s**-1
92278,51.826255,-8.196797,4.199937,20130816,1500,20130816,1600,v-component of wind,v,m s**-1
92278,51.826255,-8.196797,3.578276,20130816,1500,20130816,1700,v-component of wind,v,m s**-1
92278,51.826255,-8.196797,3.114347,20130816,1500,20130816,1800,v-component of wind,v,m s**-1
92278,51.826255,-8.196797,2.809628,20130816,1800,20130816,1900,v-component of wind,v,m s**-1
92278,51.826255,-8.196797,2.543448,20130816,1800,20130816,2000,v-component of wind,v,m s**-1
92278,51.826255,-8.196797,1.820938,20130816,1800,20130816,2100,v-component of wind,v,m s**-1
92278,51.826255,-8.196797,1.752047,20130816,2100,20130816,2200,v-component of wind,v,m s**-1
92278,51.826255,-8.196797,3.233089,20130816,2100,20130816,2300,v-component of wind,v,m s**-1
92278,51.826255,-8.196797,4.948099,20130816,2100,20130817,0,v-component of wind,v,m s**-1
92278,51.826255,-8.196797,5.723555,20130817,0,20130817,100,v-component of wind,v,m s**-1
92278,51.826255,-8.196797,6.628063,20130817,0,20130817,200,v-component of wind,v,m s**-1
92278,51.826255,-8.196797,5.787525,20130817,0,20130817,300,v-component of wind,v,m s**-1
92278,51.826255,-8.196797,6.095915,20130817,300,20130817,400,v-component of wind,v,m s**-1
92278,51.826255,-8.196797,7.128680,20130817,300,20130817,500,v-component of wind,v,m s**-1
92278,51.826255,-8.196797,7.340578,20130817,300,20130817,600,v-component of wind,v,m s**-1
92278,51.826255,-8.196797,6.752127,20130817,600,20130817,700,v-component of wind,v,m s**-1
92278,51.826255,-8.196797,6.069703,20130817,600,20130817,800,v-component of wind,v,m s**-1
92278,51.826255,-8.196797,4.407389,20130817,600,20130817,900,v-component of wind,v,m s**-1
92278,51.826255,-8.196797,3.456161,20130817,900,20130817,1000,v-component of wind,v,m s**-1
92278,51.826255,-8.196797,2.975649,20130817,900,20130817,1100,v-component of wind,v,m s**-1
92278,51.826255,-8.196797,1.811286,20130817,900,20130817,1200,v-component of wind,v,m s**-1
92278,51.826255,-8.196797,1.844975,20130817,1200,20130817,1300,v-component of wind,v,m s**-1
92278,51.826255,-8.196797,0.956170,20130817,1200,20130817,1400,v-component of wind,v,m s**-1
92278,51.826255,-8.196797,1.318157,20130817,1200,20130817,1500,v-component of wind,v,m s**-1
92278,51.826255,-8.196797,-0.495367,20130817,1500,20130817,1600,v-component of wind,v,m s**-1
92278,51.826255,-8.196797,-2.828173,20130817,1500,20130817,1700,v-component of wind,v,m s**-1
92278,51.826255,-8.196797,-1.394596,20130817,1500,20130817,1800,v-component of wind,v,m s**-1
92278,51.826255,-8.196797,-1.989173,20130817,1800,20130817,1900,v-component of wind,v,m s**-1
92278,51.826255,-8.196797,-1.458800,20130817,1800,20130817,2000,v-component of wind,v,m s**-1
92278,51.826255,-8.196797,-0.102612,20130817,1800,20130817,2100,v-component of wind,v,m s**-1
92278,51.826255,-8.196797,-0.927623,20130817,2100,20130817,2200,v-component of wind,v,m s**-1
92278,51.826255,-8.196797,-0.647048,20130817,2100,20130817,2300,v-component of wind,v,m s**-1
92278,51.826255,-8.196797,0.050335,20130817,2100,20130818,0,v-component of wind,v,m s**-1
92278,51.826255,-8.196797,0.598768,20130818,0,20130818,100,v-component of wind,v,m s**-1
92278,51.826255,-8.196797,0.680185,20130818,0,20130818,200,v-component of wind,v,m s**-1
92278,51.826255,-8.196797,0.498905,20130818,0,20130818,300,v-component of wind,v,m s**-1
92278,51.826255,-8.196797,0.580855,20130818,300,20130818,400,v-component of wind,v,m s**-1
92278,51.826255,-8.196797,-0.174188,20130818,300,20130818,500,v-component of wind,v,m s**-1
92278,51.826255,-8.196797,0.144519,20130818,300,20130818,600,v-component of wind,v,m s**-1
92278,51.826255,-8.196797,-0.673850,20130818,600,20130818,700,v-component of wind,v,m s**-1
92278,51.826255,-8.196797,-0.310149,20130818,600,20130818,800,v-component of wind,v,m s**-1
92278,51.826255,-8.196797,-0.612573,20130818,600,20130818,900,v-component of wind,v,m s**-1
92278,51.826255,-8.196797,-1.050925,20130818,900,20130818,1000,v-component of wind,v,m s**-1
92278,51.826255,-8.196797,0.465802,20130818,900,20130818,1100,v-component of wind,v,m s**-1
92278,51.826255,-8.196797,-3.937490,20130818,900,20130818,1200,v-component of wind,v,m s**-1
92278,51.826255,-8.196797,-1.189406,20130818,1200,20130818,1300,v-component of wind,v,m s**-1
92278,51.826255,-8.196797,-1.129922,20130818,1200,20130818,1400,v-component of wind,v,m s**-1
92278,51.826255,-8.196797,-1.742327,20130818,1200,20130818,1500,v-component of wind,v,m s**-1
92278,51.826255,-8.196797,-0.102122,20130818,1500,20130818,1600,v-component of wind,v,m s**-1
92278,51.826255,-8.196797,-2.494988,20130818,1500,20130818,1700,v-component of wind,v,m s**-1
92278,51.826255,-8.196797,-3.841586,20130818,1500,20130818,1800,v-component of wind,v,m s**-1
92278,51.826255,-8.196797,-3.209268,20130818,1800,20130818,1900,v-component of wind,v,m s**-1
92278,51.826255,-8.196797,-2.127018,20130818,1800,20130818,2000,v-component of wind,v,m s**-1
92278,51.826255,-8.196797,-3.227140,20130818,1800,20130818,2100,v-component of wind,v,m s**-1
92278,51.826255,-8.196797,-2.292368,20130818,2100,20130818,2200,v-component of wind,v,m s**-1
92278,51.826255,-8.196797,-0.682150,20130818,2100,20130818,2300,v-component of wind,v,m s**-1
92278,51.826255,-8.196797,-0.813162,20130818,2100,20130819,0,v-component of wind,v,m s**-1
92278,51.826255,-8.196797,-0.798263,20130819,0,20130819,100,v-component of wind,v,m s**-1
92278,51.826255,-8.196797,-1.020734,20130819,0,20130819,200,v-component of wind,v,m s**-1
92278,51.826255,-8.196797,-0.778686,20130819,0,20130819,300,v-component of wind,v,m s**-1
92278,51.826255,-8.196797,-0.803594,20130819,300,20130819,400,v-component of wind,v,m s**-1
92278,51.826255,-8.196797,-0.751338,20130819,300,20130819,500,v-component of wind,v,m s**-1
92278,51.826255,-8.196797,-1.081617,20130819,300,20130819,600,v-component of wind,v,m s**-1
92278,51.826255,-8.196797,-0.835007,20130819,600,20130819,700,v-component of wind,v,m s**-1
92278,51.826255,-8.196797,-0.649316,20130819,600,20130819,800,v-component of wind,v,m s**-1
92278,51.826255,-8.196797,-0.544219,20130819,600,20130819,900,v-component of wind,v,m s**-1
92278,51.826255,-8.196797,-0.641703,20130819,900,20130819,1000,v-component of wind,v,m s**-1
92278,51.826255,-8.196797,-0.540779,20130819,900,20130819,1100,v-component of wind,v,m s**-1
92278,51.826255,-8.196797,-1.268156,20130819,900,20130819,1200,v-component of wind,v,m s**-1
92278,51.826255,-8.196797,-1.454013,20130819,1200,20130819,1300,v-component of wind,v,m s**-1
92278,51.826255,-8.196797,-1.506084,20130819,1200,20130819,1400,v-component of wind,v,m s**-1
92278,51.826255,-8.196797,1.196142,20130819,1200,20130819,1500,v-component of wind,v,m s**-1
92278,51.826255,-8.196797,-0.747020,20130819,1500,20130819,1600,v-component of wind,v,m s**-1
92278,51.826255,-8.196797,-1.709073,20130819,1500,20130819,1700,v-component of wind,v,m s**-1
92278,51.826255,-8.196797,0.015204,20130819,1500,20130819,1800,v-component of wind,v,m s**-1
92278,51.826255,-8.196797,2.046083,20130819,1800,20130819,1900,v-component of wind,v,m s**-1
92278,51.826255,-8.196797,1.907014,20130819,1800,20130819,2000,v-component of wind,v,m s**-1
92278,51.826255,-8.196797,1.257550,20130819,1800,20130819,2100,v-component of wind,v,m s**-1
92278,51.826255,-8.196797,0.752342,20130819,2100,20130819,2200,v-component of wind,v,m s**-1
92278,51.826255,-8.196797,0.291678,20130819,2100,20130819,2300,v-component of wind,v,m s**-1
92278,51.826255,-8.196797,-0.016618,20130819,2100,20130820,0,v-component of wind,v,m s**-1
92278,51.826255,-8.196797,-0.207319,20130820,0,20130820,100,v-component of wind,v,m s**-1
92278,51.826255,-8.196797,-0.375049,20130820,0,20130820,200,v-component of wind,v,m s**-1
92278,51.826255,-8.196797,-0.141965,20130820,0,20130820,300,v-component of wind,v,m s**-1
92278,51.826255,-8.196797,0.047002,20130820,300,20130820,400,v-component of wind,v,m s**-1
92278,51.826255,-8.196797,0.345712,20130820,300,20130820,500,v-component of wind,v,m s**-1
92278,51.826255,-8.196797,-0.321476,20130820,300,20130820,600,v-component of wind,v,m s**-1
92278,51.826255,-8.196797,2.707851,20130820,600,20130820,700,v-component of wind,v,m s**-1
92278,51.826255,-8.196797,4.348111,20130820,600,20130820,800,v-component of wind,v,m s**-1
92278,51.826255,-8.196797,4.252356,20130820,600,20130820,900,v-component of wind,v,m s**-1
92278,51.826255,-8.196797,4.687795,20130820,900,20130820,1000,v-component of wind,v,m s**-1
92278,51.826255,-8.196797,5.239386,20130820,900,20130820,1100,v-component of wind,v,m s**-1
92278,51.826255,-8.196797,5.633618,20130820,900,20130820,1200,v-component of wind,v,m s**-1
92278,51.826255,-8.196797,5.925483,20130820,1200,20130820,1300,v-component of wind,v,m s**-1
92278,51.826255,-8.196797,6.099763,20130820,1200,20130820,1400,v-component of wind,v,m s**-1
92278,51.826255,-8.196797,6.014214,20130820,1200,20130820,1500,v-component of wind,v,m s**-1
92278,51.826255,-8.196797,6.266652,20130820,1500,20130820,1600,v-component of wind,v,m s**-1
92278,51.826255,-8.196797,5.692993,20130820,1500,20130820,1700,v-component of wind,v,m s**-1
92278,51.826255,-8.196797,5.296545,20130820,1500,20130820,1800,v-component of wind,v,m s**-1
92278,51.826255,-8.196797,5.314952,20130820,1800,20130820,1900,v-component of wind,v,m s**-1
92278,51.826255,-8.196797,5.214872,20130820,1800,20130820,2000,v-component of wind,v,m s**-1
92278,51.826255,-8.196797,5.282892,20130820,1800,20130820,2100,v-component of wind,v,m s**-1
92278,51.826255,-8.196797,5.709317,20130820,2100,20130820,2200,v-component of wind,v,m s**-1
92278,51.826255,-8.196797,4.901455,20130820,2100,20130820,2300,v-component of wind,v,m s**-1
92278,51.826255,-8.196797,4.323229,20130820,2100,20130821,0,v-component of wind,v,m s**-1
92278,51.826255,-8.196797,4.984156,20130821,0,20130821,100,v-component of wind,v,m s**-1
92278,51.826255,-8.196797,4.547160,20130821,0,20130821,200,v-component of wind,v,m s**-1
92278,51.826255,-8.196797,4.939876,20130821,0,20130821,300,v-component of wind,v,m s**-1
92278,51.826255,-8.196797,3.258585,20130821,300,20130821,400,v-component of wind,v,m s**-1
92278,51.826255,-8.196797,3.988539,20130821,300,20130821,500,v-component of wind,v,m s**-1
92278,51.826255,-8.196797,3.020441,20130821,300,20130821,600,v-component of wind,v,m s**-1
92278,51.826255,-8.196797,2.073714,20130821,600,20130821,700,v-component of wind,v,m s**-1
92278,51.826255,-8.196797,0.240944,20130821,600,20130821,800,v-component of wind,v,m s**-1
92278,51.826255,-8.196797,0.111262,20130821,600,20130821,900,v-component of wind,v,m s**-1
92278,51.826255,-8.196797,-0.872936,20130821,900,20130821,1000,v-component of wind,v,m s**-1
92278,51.826255,-8.196797,-0.164000,20130821,900,20130821,1100,v-component of wind,v,m s**-1
92278,51.826255,-8.196797,-0.669382,20130821,900,20130821,1200,v-component of wind,v,m s**-1
92278,51.826255,-8.196797,1.303834,20130821,1200,20130821,1300,v-component of wind,v,m s**-1
92278,51.826255,-8.196797,3.537496,20130821,1200,20130821,1400,v-component of wind,v,m s**-1
92278,51.826255,-8.196797,0.133860,20130821,1200,20130821,1500,v-component of wind,v,m s**-1
92278,51.826255,-8.196797,-0.533919,20130821,1500,20130821,1600,v-component of wind,v,m s**-1
92278,51.826255,-8.196797,1.287656,20130821,1500,20130821,1700,v-component of wind,v,m s**-1
92278,51.826255,-8.196797,-0.520553,20130821,1500,20130821,1800,v-component of wind,v,m s**-1
92278,51.826255,-8.196797,-2.430660,20130821,1800,20130821,1900,v-component of wind,v,m s**-1
92278,51.826255,-8.196797,-3.141794,20130821,1800,20130821,2000,v-component of wind,v,m s**-1
92278,51.826255,-8.196797,-2.121840,20130821,1800,20130821,2100,v-component of wind,v,m s**-1
92278,51.826255,-8.196797,-2.365904,20130821,2100,20130821,2200,v-component of wind,v,m s**-1
92278,51.826255,-8.196797,-2.260390,20130821,2100,20130821,2300,v-component of wind,v,m s**-1
92278,51.826255,-8.196797,-2.204618,20130821,2100,20130822,0,v-component of wind,v,m s**-1
92278,51.826255,-8.196797,-1.850721,20130822,0,20130822,100,v-component of wind,v,m s**-1
92278,51.826255,-8.196797,-1.237750,20130822,0,20130822,200,v-component of wind,v,m s**-1
92278,51.826255,-8.196797,-1.016184,20130822,0,20130822,300,v-component of wind,v,m s**-1
92278,51.826255,-8.196797,-0.743217,20130822,300,20130822,400,v-component of wind,v,m s**-1
92278,51.826255,-8.196797,-0.920539,20130822,300,20130822,500,v-component of wind,v,m s**-1
92278,51.826255,-8.196797,-1.326207,20130822,300,20130822,600,v-component of wind,v,m s**-1
92278,51.826255,-8.196797,-0.633787,20130822,600,20130822,700,v-component of wind,v,m s**-1
92278,51.826255,-8.196797,0.023014,20130822,600,20130822,800,v-component of wind,v,m s**-1
92278,51.826255,-8.196797,1.288662,20130822,600,20130822,900,v-component of wind,v,m s**-1
92278,51.826255,-8.196797,2.592394,20130822,900,20130822,1000,v-component of wind,v,m s**-1
92278,51.826255,-8.196797,3.117067,20130822,900,20130822,1100,v-component of wind,v,m s**-1
92278,51.826255,-8.196797,2.487173,20130822,900,20130822,1200,v-component of wind,v,m s**-1
92278,51.826255,-8.196797,2.508362,20130822,1200,20130822,1300,v-component of wind,v,m s**-1
92278,51.826255,-8.196797,2.388546,20130822,1200,20130822,1400,v-component of wind,v,m s**-1
92278,51.826255,-8.196797,3.314454,20130822,1200,20130822,1500,v-component of wind,v,m s**-1
92278,51.826255,-8.196797,2.659097,20130822,1500,20130822,1600,v-component of wind,v,m s**-1
92278,51.826255,-8.196797,2.433022,20130822,1500,20130822,1700,v-component of wind,v,m s**-1
92278,51.826255,-8.196797,2.636105,20130822,1500,20130822,1800,v-component of wind,v,m s**-1
92278,51.826255,-8.196797,2.347797,20130822,1800,20130822,1900,v-component of wind,v,m s**-1
92278,51.826255,-8.196797,2.863662,20130822,1800,20130822,2000,v-component of wind,v,m s**-1
92278,51.826255,-8.196797,2.726788,20130822,1800,20130822,2100,v-component of wind,v,m s**-1
92278,51.826255,-8.196797,3.697959,20130822,2100,20130822,2200,v-component of wind,v,m s**-1
92278,51.826255,-8.196797,3.896752,20130822,2100,20130822,2300,v-component of wind,v,m s**-1
92278,51.826255,-8.196797,4.590668,20130822,2100,20130823,0,v-component of wind,v,m s**-1
92278,51.826255,-8.196797,4.610267,20130823,0,20130823,100,v-component of wind,v,m s**-1
92278,51.826255,-8.196797,4.805398,20130823,0,20130823,200,v-component of wind,v,m s**-1
92278,51.826255,-8.196797,4.777420,20130823,0,20130823,300,v-component of wind,v,m s**-1
92278,51.826255,-8.196797,2.920850,20130823,300,20130823,400,v-component of wind,v,m s**-1
92278,51.826255,-8.196797,3.645554,20130823,300,20130823,500,v-component of wind,v,m s**-1
92278,51.826255,-8.196797,3.767177,20130823,300,20130823,600,v-component of wind,v,m s**-1
92278,51.826255,-8.196797,3.690345,20130823,600,20130823,700,v-component of wind,v,m s**-1
92278,51.826255,-8.196797,3.886789,20130823,600,20130823,800,v-component of wind,v,m s**-1
92278,51.826255,-8.196797,-0.402463,20130823,600,20130823,900,v-component of wind,v,m s**-1
92278,51.826255,-8.196797,-4.339982,20130823,900,20130823,1000,v-component of wind,v,m s**-1
92278,51.826255,-8.196797,-4.290162,20130823,900,20130823,1100,v-component of wind,v,m s**-1
92278,51.826255,-8.196797,-3.385368,20130823,900,20130823,1200,v-component of wind,v,m s**-1
92278,51.826255,-8.196797,-3.756638,20130823,1200,20130823,1300,v-component of wind,v,m s**-1
92278,51.826255,-8.196797,-2.716884,20130823,1200,20130823,1400,v-component of wind,v,m s**-1
92278,51.826255,-8.196797,-4.587476,20130823,1200,20130823,1500,v-component of wind,v,m s**-1
92278,51.826255,-8.196797,-5.452433,20130823,1500,20130823,1600,v-component of wind,v,m s**-1
92278,51.826255,-8.196797,-5.742211,20130823,1500,20130823,1700,v-component of wind,v,m s**-1
92278,51.826255,-8.196797,-4.842415,20130823,1500,20130823,1800,v-component of wind,v,m s**-1
92278,51.826255,-8.196797,-5.390031,20130823,1800,20130823,1900,v-component of wind,v,m s**-1
92278,51.826255,-8.196797,-4.560012,20130823,1800,20130823,2000,v-component of wind,v,m s**-1
92278,51.826255,-8.196797,-4.603756,20130823,1800,20130823,2100,v-component of wind,v,m s**-1
92278,51.826255,-8.196797,-3.897183,20130823,2100,20130823,2200,v-component of wind,v,m s**-1
92278,51.826255,-8.196797,-3.422818,20130823,2100,20130823,2300,v-component of wind,v,m s**-1
92278,51.826255,-8.196797,-2.914707,20130823,2100,20130824,0,v-component of wind,v,m s**-1
92278,51.826255,-8.196797,-2.348361,20130824,0,20130824,100,v-component of wind,v,m s**-1
92278,51.826255,-8.196797,-1.394026,20130824,0,20130824,200,v-component of wind,v,m s**-1
92278,51.826255,-8.196797,-0.849021,20130824,0,20130824,300,v-component of wind,v,m s**-1
92278,51.826255,-8.196797,-0.962405,20130824,300,20130824,400,v-component of wind,v,m s**-1
92278,51.826255,-8.196797,-1.120292,20130824,300,20130824,500,v-component of wind,v,m s**-1
92278,51.826255,-8.196797,-0.621258,20130824,300,20130824,600,v-component of wind,v,m s**-1
92278,51.826255,-8.196797,-0.923447,20130824,600,20130824,700,v-component of wind,v,m s**-1
92278,51.826255,-8.196797,-0.484394,20130824,600,20130824,800,v-component of wind,v,m s**-1
92278,51.826255,-8.196797,-0.263772,20130824,600,20130824,900,v-component of wind,v,m s**-1
92278,51.826255,-8.196797,0.372083,20130824,900,20130824,1000,v-component of wind,v,m s**-1
92278,51.826255,-8.196797,1.317910,20130824,900,20130824,1100,v-component of wind,v,m s**-1
92278,51.826255,-8.196797,2.490838,20130824,900,20130824,1200,v-component of wind,v,m s**-1
92278,51.826255,-8.196797,2.958094,20130824,1200,20130824,1300,v-component of wind,v,m s**-1
92278,51.826255,-8.196797,1.968195,20130824,1200,20130824,1400,v-component of wind,v,m s**-1
92278,51.826255,-8.196797,2.964576,20130824,1200,20130824,1500,v-component of wind,v,m s**-1
92278,51.826255,-8.196797,2.791205,20130824,1500,20130824,1600,v-component of wind,v,m s**-1
92278,51.826255,-8.196797,2.255819,20130824,1500,20130824,1700,v-component of wind,v,m s**-1
92278,51.826255,-8.196797,-0.239262,20130824,1500,20130824,1800,v-component of wind,v,m s**-1
92278,51.826255,-8.196797,-1.578568,20130824,1800,20130824,1900,v-component of wind,v,m s**-1
92278,51.826255,-8.196797,-4.205995,20130824,1800,20130824,2000,v-component of wind,v,m s**-1
92278,51.826255,-8.196797,-4.640715,20130824,1800,20130824,2100,v-component of wind,v,m s**-1
92278,51.826255,-8.196797,-5.176480,20130824,2100,20130824,2200,v-component of wind,v,m s**-1
92278,51.826255,-8.196797,-4.016833,20130824,2100,20130824,2300,v-component of wind,v,m s**-1
92278,51.826255,-8.196797,-3.655268,20130824,2100,20130825,0,v-component of wind,v,m s**-1
92278,51.826255,-8.196797,-4.273864,20130825,0,20130825,100,v-component of wind,v,m s**-1
92278,51.826255,-8.196797,-4.902241,20130825,0,20130825,200,v-component of wind,v,m s**-1
92278,51.826255,-8.196797,-5.320262,20130825,0,20130825,300,v-component of wind,v,m s**-1
92278,51.826255,-8.196797,-5.404222,20130825,300,20130825,400,v-component of wind,v,m s**-1
92278,51.826255,-8.196797,-6.454417,20130825,300,20130825,500,v-component of wind,v,m s**-1
92278,51.826255,-8.196797,-5.653570,20130825,300,20130825,600,v-component of wind,v,m s**-1
92278,51.826255,-8.196797,-4.995942,20130825,600,20130825,700,v-component of wind,v,m s**-1
92278,51.826255,-8.196797,-4.452257,20130825,600,20130825,800,v-component of wind,v,m s**-1
92278,51.826255,-8.196797,-4.368472,20130825,600,20130825,900,v-component of wind,v,m s**-1
92278,51.826255,-8.196797,-4.454059,20130825,900,20130825,1000,v-component of wind,v,m s**-1
92278,51.826255,-8.196797,-4.275379,20130825,900,20130825,1100,v-component of wind,v,m s**-1
92278,51.826255,-8.196797,-4.219511,20130825,900,20130825,1200,v-component of wind,v,m s**-1
92278,51.826255,-8.196797,-4.212259,20130825,1200,20130825,1300,v-component of wind,v,m s**-1
92278,51.826255,-8.196797,-4.233851,20130825,1200,20130825,1400,v-component of wind,v,m s**-1
92278,51.826255,-8.196797,-4.237215,20130825,1200,20130825,1500,v-component of wind,v,m s**-1
92278,51.826255,-8.196797,-4.288041,20130825,1500,20130825,1600,v-component of wind,v,m s**-1
92278,51.826255,-8.196797,-4.714918,20130825,1500,20130825,1700,v-component of wind,v,m s**-1
92278,51.826255,-8.196797,-4.427437,20130825,1500,20130825,1800,v-component of wind,v,m s**-1
92278,51.826255,-8.196797,-4.451850,20130825,1800,20130825,1900,v-component of wind,v,m s**-1
92278,51.826255,-8.196797,-4.163327,20130825,1800,20130825,2000,v-component of wind,v,m s**-1
92278,51.826255,-8.196797,-3.937121,20130825,1800,20130825,2100,v-component of wind,v,m s**-1
92278,51.826255,-8.196797,-4.084370,20130825,2100,20130825,2200,v-component of wind,v,m s**-1
92278,51.826255,-8.196797,-3.627308,20130825,2100,20130825,2300,v-component of wind,v,m s**-1
92278,51.826255,-8.196797,-3.004307,20130825,2100,20130826,0,v-component of wind,v,m s**-1
92278,51.826255,-8.196797,-2.557960,20130826,0,20130826,100,v-component of wind,v,m s**-1
92278,51.826255,-8.196797,-2.410179,20130826,0,20130826,200,v-component of wind,v,m s**-1
92278,51.826255,-8.196797,-2.176611,20130826,0,20130826,300,v-component of wind,v,m s**-1
92278,51.826255,-8.196797,-2.237139,20130826,300,20130826,400,v-component of wind,v,m s**-1
92278,51.826255,-8.196797,-2.744543,20130826,300,20130826,500,v-component of wind,v,m s**-1
92278,51.826255,-8.196797,-2.711731,20130826,300,20130826,600,v-component of wind,v,m s**-1
92278,51.826255,-8.196797,-2.473166,20130826,600,20130826,700,v-component of wind,v,m s**-1
92278,51.826255,-8.196797,-2.410659,20130826,600,20130826,800,v-component of wind,v,m s**-1
92278,51.826255,-8.196797,-2.249648,20130826,600,20130826,900,v-component of wind,v,m s**-1
92278,51.826255,-8.196797,-1.369039,20130826,900,20130826,1000,v-component of wind,v,m s**-1
92278,51.826255,-8.196797,-1.042619,20130826,900,20130826,1100,v-component of wind,v,m s**-1
92278,51.826255,-8.196797,-1.484105,20130826,900,20130826,1200,v-component of wind,v,m s**-1
92278,51.826255,-8.196797,-2.136077,20130826,1200,20130826,1300,v-component of wind,v,m s**-1
92278,51.826255,-8.196797,0.402618,20130826,1200,20130826,1400,v-component of wind,v,m s**-1
92278,51.826255,-8.196797,2.436338,20130826,1200,20130826,1500,v-component of wind,v,m s**-1
92278,51.826255,-8.196797,3.666669,20130826,1500,20130826,1600,v-component of wind,v,m s**-1
92278,51.826255,-8.196797,2.774151,20130826,1500,20130826,1700,v-component of wind,v,m s**-1
92278,51.826255,-8.196797,2.267030,20130826,1500,20130826,1800,v-component of wind,v,m s**-1
92278,51.826255,-8.196797,0.636610,20130826,1800,20130826,1900,v-component of wind,v,m s**-1
92278,51.826255,-8.196797,-1.946070,20130826,1800,20130826,2000,v-component of wind,v,m s**-1
92278,51.826255,-8.196797,-2.237173,20130826,1800,20130826,2100,v-component of wind,v,m s**-1
92278,51.826255,-8.196797,-2.430546,20130826,2100,20130826,2200,v-component of wind,v,m s**-1
92278,51.826255,-8.196797,-3.074753,20130826,2100,20130826,2300,v-component of wind,v,m s**-1
92278,51.826255,-8.196797,-3.498753,20130826,2100,20130827,0,v-component of wind,v,m s**-1
92278,51.826255,-8.196797,-2.869585,20130827,0,20130827,100,v-component of wind,v,m s**-1
92278,51.826255,-8.196797,-1.773362,20130827,0,20130827,200,v-component of wind,v,m s**-1
92278,51.826255,-8.196797,-1.249969,20130827,0,20130827,300,v-component of wind,v,m s**-1
92278,51.826255,-8.196797,-1.572228,20130827,300,20130827,400,v-component of wind,v,m s**-1
92278,51.826255,-8.196797,-1.733648,20130827,300,20130827,500,v-component of wind,v,m s**-1
92278,51.826255,-8.196797,-2.253263,20130827,300,20130827,600,v-component of wind,v,m s**-1
92278,51.826255,-8.196797,-1.838724,20130827,600,20130827,700,v-component of wind,v,m s**-1
92278,51.826255,-8.196797,-3.227062,20130827,600,20130827,800,v-component of wind,v,m s**-1
92278,51.826255,-8.196797,-2.816316,20130827,600,20130827,900,v-component of wind,v,m s**-1
92278,51.826255,-8.196797,-2.995332,20130827,900,20130827,1000,v-component of wind,v,m s**-1
92278,51.826255,-8.196797,-2.944373,20130827,900,20130827,1100,v-component of wind,v,m s**-1
92278,51.826255,-8.196797,-3.890341,20130827,900,20130827,1200,v-component of wind,v,m s**-1
92278,51.826255,-8.196797,-3.217547,20130827,1200,20130827,1300,v-component of wind,v,m s**-1
92278,51.826255,-8.196797,-2.365784,20130827,1200,20130827,1400,v-component of wind,v,m s**-1
92278,51.826255,-8.196797,-4.117772,20130827,1200,20130827,1500,v-component of wind,v,m s**-1
92278,51.826255,-8.196797,-2.813685,20130827,1500,20130827,1600,v-component of wind,v,m s**-1
92278,51.826255,-8.196797,-3.442548,20130827,1500,20130827,1700,v-component of wind,v,m s**-1
92278,51.826255,-8.196797,-2.052025,20130827,1500,20130827,1800,v-component of wind,v,m s**-1
92278,51.826255,-8.196797,-1.271523,20130827,1800,20130827,1900,v-component of wind,v,m s**-1
92278,51.826255,-8.196797,-3.151327,20130827,1800,20130827,2000,v-component of wind,v,m s**-1
92278,51.826255,-8.196797,-4.180131,20130827,1800,20130827,2100,v-component of wind,v,m s**-1
92278,51.826255,-8.196797,-3.682570,20130827,2100,20130827,2200,v-component of wind,v,m s**-1
92278,51.826255,-8.196797,-3.108661,20130827,2100,20130827,2300,v-component of wind,v,m s**-1
92278,51.826255,-8.196797,-2.263175,20130827,2100,20130828,0,v-component of wind,v,m s**-1
92278,51.826255,-8.196797,-2.284503,20130828,0,20130828,100,v-component of wind,v,m s**-1
92278,51.826255,-8.196797,-2.215831,20130828,0,20130828,200,v-component of wind,v,m s**-1
92278,51.826255,-8.196797,-2.082867,20130828,0,20130828,300,v-component of wind,v,m s**-1
92278,51.826255,-8.196797,-1.756438,20130828,300,20130828,400,v-component of wind,v,m s**-1
92278,51.826255,-8.196797,-1.444306,20130828,300,20130828,500,v-component of wind,v,m s**-1
92278,51.826255,-8.196797,-0.618670,20130828,300,20130828,600,v-component of wind,v,m s**-1
92278,51.826255,-8.196797,-0.096713,20130828,600,20130828,700,v-component of wind,v,m s**-1
92278,51.826255,-8.196797,0.896121,20130828,600,20130828,800,v-component of wind,v,m s**-1
92278,51.826255,-8.196797,1.442966,20130828,600,20130828,900,v-component of wind,v,m s**-1
92278,51.826255,-8.196797,2.091924,20130828,900,20130828,1000,v-component of wind,v,m s**-1
92278,51.826255,-8.196797,2.532687,20130828,900,20130828,1100,v-component of wind,v,m s**-1
92278,51.826255,-8.196797,2.695131,20130828,900,20130828,1200,v-component of wind,v,m s**-1
92278,51.826255,-8.196797,3.832568,20130828,1200,20130828,1300,v-component of wind,v,m s**-1
92278,51.826255,-8.196797,2.491139,20130828,1200,20130828,1400,v-component of wind,v,m s**-1
92278,51.826255,-8.196797,3.979817,20130828,1200,20130828,1500,v-component of wind,v,m s**-1
92278,51.826255,-8.196797,3.947721,20130828,1500,20130828,1600,v-component of wind,v,m s**-1
92278,51.826255,-8.196797,3.415188,20130828,1500,20130828,1700,v-component of wind,v,m s**-1
92278,51.826255,-8.196797,3.510460,20130828,1500,20130828,1800,v-component of wind,v,m s**-1
92278,51.826255,-8.196797,1.307759,20130828,1800,20130828,1900,v-component of wind,v,m s**-1
92278,51.826255,-8.196797,-0.896121,20130828,1800,20130828,2000,v-component of wind,v,m s**-1
92278,51.826255,-8.196797,-0.543291,20130828,1800,20130828,2100,v-component of wind,v,m s**-1
92278,51.826255,-8.196797,0.593047,20130828,2100,20130828,2200,v-component of wind,v,m s**-1
92278,51.826255,-8.196797,1.060516,20130828,2100,20130828,2300,v-component of wind,v,m s**-1
92278,51.826255,-8.196797,2.115051,20130828,2100,20130829,0,v-component of wind,v,m s**-1
92278,51.826255,-8.196797,1.806601,20130829,0,20130829,100,v-component of wind,v,m s**-1
92278,51.826255,-8.196797,0.204970,20130829,0,20130829,200,v-component of wind,v,m s**-1
92278,51.826255,-8.196797,0.049549,20130829,0,20130829,300,v-component of wind,v,m s**-1
92278,51.826255,-8.196797,-0.167655,20130829,300,20130829,400,v-component of wind,v,m s**-1
92278,51.826255,-8.196797,0.088696,20130829,300,20130829,500,v-component of wind,v,m s**-1
92278,51.826255,-8.196797,1.197463,20130829,300,20130829,600,v-component of wind,v,m s**-1
92278,51.826255,-8.196797,0.459167,20130829,600,20130829,700,v-component of wind,v,m s**-1
92278,51.826255,-8.196797,0.973454,20130829,600,20130829,800,v-component of wind,v,m s**-1
92278,51.826255,-8.196797,0.689169,20130829,600,20130829,900,v-component of wind,v,m s**-1
92278,51.826255,-8.196797,0.230367,20130829,900,20130829,1000,v-component of wind,v,m s**-1
92278,51.826255,-8.196797,1.531543,20130829,900,20130829,1100,v-component of wind,v,m s**-1
92278,51.826255,-8.196797,1.142863,20130829,900,20130829,1200,v-component of wind,v,m s**-1
92278,51.826255,-8.196797,0.712933,20130829,1200,20130829,1300,v-component of wind,v,m s**-1
92278,51.826255,-8.196797,0.037552,20130829,1200,20130829,1400,v-component of wind,v,m s**-1
92278,51.826255,-8.196797,4.255378,20130829,1200,20130829,1500,v-component of wind,v,m s**-1
92278,51.826255,-8.196797,5.364528,20130829,1500,20130829,1600,v-component of wind,v,m s**-1
92278,51.826255,-8.196797,4.805520,20130829,1500,20130829,1700,v-component of wind,v,m s**-1
92278,51.826255,-8.196797,3.813202,20130829,1500,20130829,1800,v-component of wind,v,m s**-1
92278,51.826255,-8.196797,1.148711,20130829,1800,20130829,1900,v-component of wind,v,m s**-1
92278,51.826255,-8.196797,-0.495776,20130829,1800,20130829,2000,v-component of wind,v,m s**-1
92278,51.826255,-8.196797,-0.456160,20130829,1800,20130829,2100,v-component of wind,v,m s**-1
92278,51.826255,-8.196797,-0.797600,20130829,2100,20130829,2200,v-component of wind,v,m s**-1
92278,51.826255,-8.196797,-0.572993,20130829,2100,20130829,2300,v-component of wind,v,m s**-1
92278,51.826255,-8.196797,-0.320697,20130829,2100,20130830,0,v-component of wind,v,m s**-1
92278,51.826255,-8.196797,-0.122243,20130830,0,20130830,100,v-component of wind,v,m s**-1
92278,51.826255,-8.196797,0.101860,20130830,0,20130830,200,v-component of wind,v,m s**-1
92278,51.826255,-8.196797,0.051978,20130830,0,20130830,300,v-component of wind,v,m s**-1
92278,51.826255,-8.196797,0.626146,20130830,300,20130830,400,v-component of wind,v,m s**-1
92278,51.826255,-8.196797,2.322418,20130830,300,20130830,500,v-component of wind,v,m s**-1
92278,51.826255,-8.196797,2.680031,20130830,300,20130830,600,v-component of wind,v,m s**-1
92278,51.826255,-8.196797,2.920688,20130830,600,20130830,700,v-component of wind,v,m s**-1
92278,51.826255,-8.196797,1.932974,20130830,600,20130830,800,v-component of wind,v,m s**-1
92278,51.826255,-8.196797,1.568561,20130830,600,20130830,900,v-component of wind,v,m s**-1
92278,51.826255,-8.196797,0.906312,20130830,900,20130830,1000,v-component of wind,v,m s**-1
92278,51.826255,-8.196797,0.225195,20130830,900,20130830,1100,v-component of wind,v,m s**-1
92278,51.826255,-8.196797,-1.168296,20130830,900,20130830,1200,v-component of wind,v,m s**-1
92278,51.826255,-8.196797,-1.973975,20130830,1200,20130830,1300,v-component of wind,v,m s**-1
92278,51.826255,-8.196797,-2.398101,20130830,1200,20130830,1400,v-component of wind,v,m s**-1
92278,51.826255,-8.196797,-4.667648,20130830,1200,20130830,1500,v-component of wind,v,m s**-1
92278,51.826255,-8.196797,-6.329830,20130830,1500,20130830,1600,v-component of wind,v,m s**-1
92278,51.826255,-8.196797,-6.093985,20130830,1500,20130830,1700,v-component of wind,v,m s**-1
92278,51.826255,-8.196797,-5.587224,20130830,1500,20130830,1800,v-component of wind,v,m s**-1
92278,51.826255,-8.196797,-5.157763,20130830,1800,20130830,1900,v-component of wind,v,m s**-1
92278,51.826255,-8.196797,-4.991401,20130830,1800,20130830,2000,v-component of wind,v,m s**-1
92278,51.826255,-8.196797,-4.963827,20130830,1800,20130830,2100,v-component of wind,v,m s**-1
92278,51.826255,-8.196797,-4.091401,20130830,2100,20130830,2200,v-component of wind,v,m s**-1
92278,51.826255,-8.196797,-3.261578,20130830,2100,20130830,2300,v-component of wind,v,m s**-1
92278,51.826255,-8.196797,-2.320719,20130830,2100,20130831,0,v-component of wind,v,m s**-1
92278,51.826255,-8.196797,-1.785150,20130831,0,20130831,100,v-component of wind,v,m s**-1
92278,51.826255,-8.196797,-1.759138,20130831,0,20130831,200,v-component of wind,v,m s**-1
92278,51.826255,-8.196797,-1.679514,20130831,0,20130831,300,v-component of wind,v,m s**-1
92278,51.826255,-8.196797,-1.273206,20130831,300,20130831,400,v-component of wind,v,m s**-1
92278,51.826255,-8.196797,-1.223466,20130831,300,20130831,500,v-component of wind,v,m s**-1
92278,51.826255,-8.196797,-1.273195,20130831,300,20130831,600,v-component of wind,v,m s**-1
92278,51.826255,-8.196797,-0.859918,20130831,600,20130831,700,v-component of wind,v,m s**-1
92278,51.826255,-8.196797,-0.822206,20130831,600,20130831,800,v-component of wind,v,m s**-1
92278,51.826255,-8.196797,-1.371718,20130831,600,20130831,900,v-component of wind,v,m s**-1
92278,51.826255,-8.196797,-2.240335,20130831,900,20130831,1000,v-component of wind,v,m s**-1
92278,51.826255,-8.196797,-3.473285,20130831,900,20130831,1100,v-component of wind,v,m s**-1
92278,51.826255,-8.196797,-4.369297,20130831,900,20130831,1200,v-component of wind,v,m s**-1
92278,51.826255,-8.196797,-4.354593,20130831,1200,20130831,1300,v-component of wind,v,m s**-1
92278,51.826255,-8.196797,-4.815309,20130831,1200,20130831,1400,v-component of wind,v,m s**-1
92278,51.826255,-8.196797,-5.359632,20130831,1200,20130831,1500,v-component of wind,v,m s**-1
92278,51.826255,-8.196797,-5.615950,20130831,1500,20130831,1600,v-component of wind,v,m s**-1
92278,51.826255,-8.196797,-5.525044,20130831,1500,20130831,1700,v-component of wind,v,m s**-1
92278,51.826255,-8.196797,-5.033445,20130831,1500,20130831,1800,v-component of wind,v,m s**-1
92278,51.826255,-8.196797,-3.741620,20130831,1800,20130831,1900,v-component of wind,v,m s**-1
92278,51.826255,-8.196797,-2.686918,20130831,1800,20130831,2000,v-component of wind,v,m s**-1
92278,51.826255,-8.196797,-2.599262,20130831,1800,20130831,2100,v-component of wind,v,m s**-1
92278,51.826255,-8.196797,-1.532644,20130831,2100,20130831,2200,v-component of wind,v,m s**-1
92278,51.826255,-8.196797,-1.488494,20130831,2100,20130831,2300,v-component of wind,v,m s**-1
92278,51.826255,-8.196797,-1.918873,20130831,2100,20130901,0,v-component of wind,v,m s**-1
